{
  "rms_err_rad": 0.4553274767156946,
  "achieved_fraction_overall": 0.7969069031276363,
  "worst_tracked_dofs": [
    20,
    4,
    10,
    9,
    23,
    11
  ],
  "per_dof_achieved": [
    0.836,
    0.864,
    0.834,
    0.726,
    0.603,
    0.836,
    0.793,
    0.78,
    0.851,
    0.67,
    0.625,
    0.717,
    0.896,
    0.925,
    0.895,
    0.848,
    0.762,
    0.807,
    0.759,
    0.882,
    0.591,
    0.842,
    0.89,
    0.711,
    0.837,
    0.819,
    0.821,
    0.851,
    0.838
  ],
  "fell_at_tick": null
}