{
  "trace": "/workspace/notebook-data/exports/thriller_v3a/sim_trace.npz",
  "checkpoint": "/workspace/notebook-data/logs/rsl_rl/g1_tracking/2026-07-06_05-51-06_train-thriller-v3a/model_4999.pt",
  "task": "Mjlab-Tracking-Flat-Unitree-G1",
  "motion_file": "/workspace/notebook-data/motions/thriller_deploy.npz",
  "steps": 2599,
  "terminated_at": -1,
  "action_band_rms": {
    "motion_0-2Hz": {
      "legs": 0.5294535029213233,
      "waist": 0.2933231458344204,
      "arms": 2.278585924261493
    },
    "wobble_2-10Hz": {
      "legs": 0.13003625736467575,
      "waist": 0.16252320709902168,
      "arms": 0.17789910090716937
    },
    "buzz_10-25Hz": {
      "legs": 0.013244321826980843,
      "waist": 0.01874964680598026,
      "arms": 0.017441501016990425
    }
  },
  "action_rate": {
    "legs": {
      "mean": 0.04474973044458448,
      "p95": 0.1605529934167862
    },
    "waist": {
      "mean": 0.05683450187929978,
      "p95": 0.2105881202965975
    },
    "arms": {
      "mean": 0.07232512541786762,
      "p95": 0.2657060384750363
    }
  },
  "tracking_rms_deg": {
    "legs": 10.738490889940335,
    "waist": 4.92171466460057,
    "arms": 9.689156325377274
  },
  "leg_vs_ref": {
    "per_joint": {
      "left_hip_pitch_joint": {
        "lag_ms": 20.0,
        "corr": 0.7442611681045184,
        "amp_ratio": 0.5623430943463313
      },
      "left_hip_roll_joint": {
        "lag_ms": 0.0,
        "corr": 0.8542682959786675,
        "amp_ratio": 0.4518426397515458
      },
      "left_hip_yaw_joint": {
        "lag_ms": 20.0,
        "corr": 0.647588122292794,
        "amp_ratio": 0.7208853946028678
      },
      "left_knee_joint": {
        "lag_ms": 0.0,
        "corr": 0.8791385976447823,
        "amp_ratio": 0.5437798866766693
      },
      "left_ankle_pitch_joint": {
        "lag_ms": 20.0,
        "corr": 0.38204572253305463,
        "amp_ratio": 0.2458247221573132
      },
      "left_ankle_roll_joint": {
        "lag_ms": 0.0,
        "corr": 0.2546102401781016,
        "amp_ratio": 0.15340567111721062
      },
      "right_hip_pitch_joint": {
        "lag_ms": 20.0,
        "corr": 0.5771831677010338,
        "amp_ratio": 0.39002310377937405
      },
      "right_hip_roll_joint": {
        "lag_ms": 0.0,
        "corr": 0.7468982990488332,
        "amp_ratio": 0.35422636901697097
      },
      "right_hip_yaw_joint": {
        "lag_ms": 0.0,
        "corr": 0.6096879918208522,
        "amp_ratio": 0.689548297257983
      },
      "right_knee_joint": {
        "lag_ms": 0.0,
        "corr": 0.8775779038092767,
        "amp_ratio": 0.6122921548377015
      },
      "right_ankle_pitch_joint": {
        "lag_ms": 0.0,
        "corr": 0.5120449670051752,
        "amp_ratio": 0.34181712888494753
      },
      "right_ankle_roll_joint": {
        "lag_ms": 0.0,
        "corr": 0.24234197443935512,
        "amp_ratio": 0.11822365206873979
      }
    },
    "amp_ratio_mean": 0.43201767620813797,
    "amp_ratio_min": 0.11822365206873979,
    "lag_ms_mean": 6.666666666666667
  },
  "wobble_ang_vel": {
    "motion_0-2Hz": {
      "sim_rms_rad_s": 0.19934800601122538,
      "ref_rms_rad_s": 0.29412946595476225
    },
    "wobble_2-10Hz": {
      "sim_rms_rad_s": 0.23584447874893877,
      "ref_rms_rad_s": 0.2667554045910858
    },
    "buzz_10-25Hz": {
      "sim_rms_rad_s": 0.05744884632162638,
      "ref_rms_rad_s": 0.08986055822709006
    }
  }
}