{"Train/mean_episode_length":833.17,"Episode_Termination/ee_body_pos":1.0416667461395264,"Metrics/motion/error_anchor_ang_vel":1.5940957069396973,"Metrics/motion/error_anchor_pos":0.3204042613506317,"Episode_Reward/motion_body_pos":0.7514415979385376,"Metrics/motion/error_joint_pos":1.166022539138794,"Episode_Reward/self_collisions":-0.011818451806902885,"Metrics/motion/error_anchor_lin_vel":0.5650522112846375,"Policy/mean_std":0.261269211769104,"Metrics/motion/sampling_top1_bin":0.3035714328289032,"Metrics/motion/error_anchor_rot":0.19340983033180237,"Perf/total_fps":82996,"Episode_Reward/motion_body_lin_vel":0.6040585041046143,"Episode_Termination/anchor_ori":0,"Metrics/motion/sampling_top1_prob":0.11018844693899155,"Metrics/motion/error_body_rot":0.30876052379608154,"_runtime":7025.343167365,"Episode_Reward/joint_torques_l2":-0.04237866401672363,"_wandb":{"runtime":7025},"Episode_Reward/motion_global_root_ori":0.36275845766067505,"Loss/entropy":1.848317313194275,"_timestamp":1.7835150282240357e+09,"Episode_Termination/anchor_pos":0.25,"Episode_Reward/motion_global_root_pos":0.4794708490371704,"Loss/learning_rate":7.593750000000002e-05,"Train/mean_reward":42.2194258448109,"Loss/surrogate":-0.011557395267300308,"Episode_Reward/motion_body_ori":0.4939865469932556,"Metrics/motion/error_joint_vel":9.579174041748047,"Perf/learning_time":0.12038922309875488,"Metrics/motion/error_body_pos":0.09843899309635162,"Episode_Reward/joint_limit":-0.015004687011241913,"Episode_Termination/time_out":3.2916667461395264,"Episode_Reward/motion_body_ang_vel":0.46419569849967957,"Metrics/motion/error_body_lin_vel":0.6850010752677917,"Metrics/motion/error_body_ang_vel":2.704324245452881,"Loss/value":0.055174780637025835,"Metrics/motion/sampling_entropy":0.8089057207107544,"Episode_Reward/ankle_torque_l2":-0.13947133719921112,"Episode_Reward/action_rate_l2":-0.8400826454162598,"Perf/collection_time":1.0640511512756348,"_step":5999}