{
  "task": "Mjlab-Tracking-Flat-Unitree-G1",
  "checkpoint": "cloud/logs/rsl_rl/g1_tracking/2026-07-03_18-24-38_train-thriller-a2/model_1500.pt",
  "motion_file": "motions/thriller_deploy.npz",
  "episode_length_s": 51.980000000000004,
  "gate": {
    "checks": {
      "survival>=0.99 [delay40ms_push]": false,
      "ankle_mean<=5.0Nm [delay40ms_push]": false,
      "ankle_p95<=15.0Nm [delay40ms_push]": false,
      "mpkpe<=0.25m [nominal]": false
    },
    "pass": false,
    "worst_condition": "delay40ms_push"
  },
  "conditions": {
    "nominal": {
      "condition": "nominal",
      "delay_ms": 0,
      "push": false,
      "obs_noise": false,
      "num_episodes": 128,
      "success_rate": 0.9921875,
      "n_success": 127,
      "mpkpe_m": 0.30746138095855713,
      "steps_run": 2599,
      "ankle_pitch": {
        "mean_abs": 7.670530319213867,
        "p95_abs": 20.301868438720703,
        "max_abs": 50.0
      },
      "torques_nm": {
        "left_ankle_pitch_joint": {
          "mean_abs": 7.935802936553955,
          "p95_abs": 20.013473510742188,
          "max_abs": 50.0
        },
        "right_ankle_pitch_joint": {
          "mean_abs": 7.405259132385254,
          "p95_abs": 20.541290283203125,
          "max_abs": 50.0
        },
        "left_ankle_roll_joint": {
          "mean_abs": 3.029754877090454,
          "p95_abs": 6.010598182678223,
          "max_abs": 15.181801795959473
        },
        "right_ankle_roll_joint": {
          "mean_abs": 2.2219295501708984,
          "p95_abs": 5.212626934051514,
          "max_abs": 15.979020118713379
        },
        "left_knee_joint": {
          "mean_abs": 8.302447319030762,
          "p95_abs": 24.990360260009766,
          "max_abs": 106.57050323486328
        },
        "right_knee_joint": {
          "mean_abs": 8.493124008178711,
          "p95_abs": 25.617929458618164,
          "max_abs": 139.0
        },
        "left_hip_pitch_joint": {
          "mean_abs": 7.298536777496338,
          "p95_abs": 20.5839900970459,
          "max_abs": 56.99754333496094
        },
        "right_hip_pitch_joint": {
          "mean_abs": 6.903372287750244,
          "p95_abs": 19.871248245239258,
          "max_abs": 64.56640625
        }
      },
      "crosscheck_step200": {
        "left_ankle_pitch_joint": {
          "qfrc_actuator_mean_abs": 9.85257339477539,
          "actuator_force_jn_idx_mean_abs": 0.00401622848585248
        },
        "right_ankle_pitch_joint": {
          "qfrc_actuator_mean_abs": 8.853792190551758,
          "actuator_force_jn_idx_mean_abs": 2.1541671752929688
        }
      },
      "seed": 91001
    },
    "noise": {
      "condition": "noise",
      "delay_ms": 0,
      "push": false,
      "obs_noise": true,
      "num_episodes": 128,
      "success_rate": 0.9921875,
      "n_success": 127,
      "mpkpe_m": 0.29808372259140015,
      "steps_run": 2599,
      "ankle_pitch": {
        "mean_abs": 7.938290119171143,
        "p95_abs": 21.401641845703125,
        "max_abs": 50.0
      },
      "torques_nm": {
        "left_ankle_pitch_joint": {
          "mean_abs": 7.932793617248535,
          "p95_abs": 21.257902145385742,
          "max_abs": 50.0
        },
        "right_ankle_pitch_joint": {
          "mean_abs": 7.943784713745117,
          "p95_abs": 21.564638137817383,
          "max_abs": 50.0
        },
        "left_ankle_roll_joint": {
          "mean_abs": 2.9858624935150146,
          "p95_abs": 6.249645709991455,
          "max_abs": 15.281781196594238
        },
        "right_ankle_roll_joint": {
          "mean_abs": 2.2115278244018555,
          "p95_abs": 5.38466215133667,
          "max_abs": 15.148316383361816
        },
        "left_knee_joint": {
          "mean_abs": 8.864252090454102,
          "p95_abs": 26.286914825439453,
          "max_abs": 107.19979858398438
        },
        "right_knee_joint": {
          "mean_abs": 9.015181541442871,
          "p95_abs": 26.882902145385742,
          "max_abs": 139.0
        },
        "left_hip_pitch_joint": {
          "mean_abs": 7.325995922088623,
          "p95_abs": 20.153202056884766,
          "max_abs": 54.730133056640625
        },
        "right_hip_pitch_joint": {
          "mean_abs": 7.13214111328125,
          "p95_abs": 20.112451553344727,
          "max_abs": 58.32706832885742
        }
      },
      "crosscheck_step200": {
        "left_ankle_pitch_joint": {
          "qfrc_actuator_mean_abs": 9.473958969116211,
          "actuator_force_jn_idx_mean_abs": 0.019237328320741653
        },
        "right_ankle_pitch_joint": {
          "qfrc_actuator_mean_abs": 9.229240417480469,
          "actuator_force_jn_idx_mean_abs": 2.3964271545410156
        }
      },
      "seed": 91002
    },
    "delay10ms": {
      "condition": "delay10ms",
      "delay_ms": 10,
      "push": false,
      "obs_noise": true,
      "num_episodes": 128,
      "success_rate": 0.9921875,
      "n_success": 127,
      "mpkpe_m": 0.3089979290962219,
      "steps_run": 2599,
      "ankle_pitch": {
        "mean_abs": 7.838709831237793,
        "p95_abs": 21.45802879333496,
        "max_abs": 50.0
      },
      "torques_nm": {
        "left_ankle_pitch_joint": {
          "mean_abs": 7.951858997344971,
          "p95_abs": 21.540821075439453,
          "max_abs": 50.0
        },
        "right_ankle_pitch_joint": {
          "mean_abs": 7.725560188293457,
          "p95_abs": 21.375688552856445,
          "max_abs": 50.0
        },
        "left_ankle_roll_joint": {
          "mean_abs": 2.9938642978668213,
          "p95_abs": 6.38407564163208,
          "max_abs": 16.114789962768555
        },
        "right_ankle_roll_joint": {
          "mean_abs": 2.1737284660339355,
          "p95_abs": 5.454215049743652,
          "max_abs": 20.606395721435547
        },
        "left_knee_joint": {
          "mean_abs": 9.680157661437988,
          "p95_abs": 28.47698402404785,
          "max_abs": 133.38427734375
        },
        "right_knee_joint": {
          "mean_abs": 9.68858814239502,
          "p95_abs": 28.712574005126953,
          "max_abs": 139.0
        },
        "left_hip_pitch_joint": {
          "mean_abs": 7.734926700592041,
          "p95_abs": 21.480453491210938,
          "max_abs": 56.49770736694336
        },
        "right_hip_pitch_joint": {
          "mean_abs": 7.5683207511901855,
          "p95_abs": 21.587081909179688,
          "max_abs": 88.0
        }
      },
      "crosscheck_step200": {
        "left_ankle_pitch_joint": {
          "qfrc_actuator_mean_abs": 9.977912902832031,
          "actuator_force_jn_idx_mean_abs": 0.05198555067181587
        },
        "right_ankle_pitch_joint": {
          "qfrc_actuator_mean_abs": 8.35753059387207,
          "actuator_force_jn_idx_mean_abs": 2.746734142303467
        }
      },
      "seed": 91003
    },
    "delay20ms": {
      "condition": "delay20ms",
      "delay_ms": 20,
      "push": false,
      "obs_noise": true,
      "num_episodes": 128,
      "success_rate": 0.6328125,
      "n_success": 81,
      "mpkpe_m": 0.31386852264404297,
      "steps_run": 2599,
      "ankle_pitch": {
        "mean_abs": 8.274016380310059,
        "p95_abs": 23.461191177368164,
        "max_abs": 50.0
      },
      "torques_nm": {
        "left_ankle_pitch_joint": {
          "mean_abs": 8.259615898132324,
          "p95_abs": 23.181121826171875,
          "max_abs": 50.0
        },
        "right_ankle_pitch_joint": {
          "mean_abs": 8.28841495513916,
          "p95_abs": 23.70531463623047,
          "max_abs": 50.0
        },
        "left_ankle_roll_joint": {
          "mean_abs": 2.8723769187927246,
          "p95_abs": 6.434667587280273,
          "max_abs": 23.93575096130371
        },
        "right_ankle_roll_joint": {
          "mean_abs": 2.0342111587524414,
          "p95_abs": 5.40925407409668,
          "max_abs": 19.917259216308594
        },
        "left_knee_joint": {
          "mean_abs": 9.771027565002441,