{
  "trace": "/workspace/notebook-data/exports/thriller_v34/sim_trace.npz",
  "checkpoint": "/workspace/notebook-data/logs/rsl_rl/g1_tracking/2026-07-06_07-55-23_train-thriller-v4/model_2500.pt",
  "task": "Mjlab-Tracking-Flat-Unitree-G1",
  "motion_file": "/workspace/notebook-data/motions/thriller_deploy_v2_sharp.npz",
  "steps": 796,
  "terminated_at": 795,
  "action_band_rms": {
    "motion_0-2Hz": {
      "legs": 0.5311895178975062,
      "waist": 0.2802464679669325,
      "arms": 1.9996955982144993
    },
    "wobble_2-10Hz": {
      "legs": 0.1239136624482783,
      "waist": 0.16895328240414229,
      "arms": 0.15487782628927851
    },
    "buzz_10-25Hz": {
      "legs": 0.009569936728991152,
      "waist": 0.013580153856001942,
      "arms": 0.020288293268201772
    }
  },
  "action_rate": {
    "legs": {
      "mean": 0.03604339349056268,
      "p95": 0.14847277849912638
    },
    "waist": {
      "mean": 0.047657471833129725,
      "p95": 0.19069281816482533
    },
    "arms": {
      "mean": 0.05573729190126945,
      "p95": 0.2067728996276853
    }
  },
  "tracking_rms_deg": {
    "legs": 13.414104809723042,
    "waist": 7.119572709125685,
    "arms": 12.360714147114537
  },
  "leg_vs_ref": {
    "per_joint": {
      "left_hip_pitch_joint": {
        "lag_ms": 40.0,
        "corr": 0.7179569440973803,
        "amp_ratio": 0.48629227862298535
      },
      "left_hip_roll_joint": {
        "lag_ms": 40.0,
        "corr": 0.7341872279250907,
        "amp_ratio": 0.39438496142126545
      },
      "left_hip_yaw_joint": {
        "lag_ms": 80.0,
        "corr": 0.5722679228880659,
        "amp_ratio": 0.5840246408211756
      },
      "left_knee_joint": {
        "lag_ms": 20.0,
        "corr": 0.037115521074566726,
        "amp_ratio": 0.011393923359688135
      },
      "left_ankle_pitch_joint": {
        "lag_ms": 180.0,
        "corr": -0.5772054197509042,
        "amp_ratio": -0.26342627726183954
      },
      "left_ankle_roll_joint": {
        "lag_ms": 320.0,
        "corr": 0.36584131886431104,
        "amp_ratio": 0.2203719162420377
      },
      "right_hip_pitch_joint": {
        "lag_ms": 0.0,
        "corr": -0.37548658034604143,
        "amp_ratio": -0.20651253425827912
      },
      "right_hip_roll_joint": {
        "lag_ms": 0.0,
        "corr": -0.284923086366663,
        "amp_ratio": -0.15011990583945428
      },
      "right_hip_yaw_joint": {
        "lag_ms": 40.0,
        "corr": 0.4099938716111626,
        "amp_ratio": 0.41620311054394926
      },
      "right_knee_joint": {
        "lag_ms": 40.0,
        "corr": 0.7434108669554658,
        "amp_ratio": 0.18130985545313225
      },
      "right_ankle_pitch_joint": {
        "lag_ms": 20.0,
        "corr": 0.42082222198683317,
        "amp_ratio": 0.23376579656581045
      },
      "right_ankle_roll_joint": {
        "lag_ms": 0.0,
        "corr": 0.26569783277984643,
        "amp_ratio": 0.13585048058384522
      }
    },
    "amp_ratio_mean": 0.17029485385452636,
    "amp_ratio_min": -0.26342627726183954,
    "lag_ms_mean": 65.0
  },
  "wobble_ang_vel": {
    "motion_0-2Hz": {
      "sim_rms_rad_s": 0.13642491717239416,
      "ref_rms_rad_s": 0.15633794181852717
    },
    "wobble_2-10Hz": {
      "sim_rms_rad_s": 0.2045081074470991,
      "ref_rms_rad_s": 0.17087380617728706
    },
    "buzz_10-25Hz": {
      "sim_rms_rad_s": 0.041816028049644384,
      "ref_rms_rad_s": 0.06299597881283697
    }
  }
}